dataset,session,n_total,n_valid,n_corrupt,width_mean,width_std,height_mean,height_std,mean_intensity_mean,mean_intensity_std,std_intensity_mean,std_intensity_std,near_black_pct_mean,near_black_pct_std,near_white_pct_mean,near_white_pct_std,sharpness_mean,sharpness_std
Tongji,session1,6000,6000,0,128.0,0.0,128.0,0.0,131.49931286621094,26.35039209021957,17.653603600899377,5.079370552039802,0.0,0.0,0.016004435221354165,0.3174652174186192,27.583254809856413,14.054347451177964
Tongji,session2,6000,6000,0,128.0,0.0,128.0,0.0,132.59260518391926,22.39991761952426,17.80458131678899,4.408734976711335,0.0,0.0,0.0010019938151041667,0.03017443566367047,27.79001914111773,12.940464883575604
