{
    "Rank-1": 0.9474999904632568,
    "Rank-5": 0.9648333191871643,
    "Macro-F1": 0.9415757147078914,
    "EER": 0.019483333333487285,
    "TAR@FAR=1e-2": 0.9716333333333333,
    "TAR@FAR=1e-3": 0.92535
}