{
    "Rank-1": 0.9543333053588867,
    "Rank-5": 0.968833327293396,
    "Macro-F1": 0.9476433708981328,
    "EER": 0.01609999999982969,
    "TAR@FAR=1e-2": 0.9792666666666666,
    "TAR@FAR=1e-3": 0.94585
}