{
    "Rank-1": 0.9733333587646484,
    "Rank-5": 0.9829999804496765,
    "Macro-F1": 0.9704452711357464,
    "EER": 0.009296076794534253,
    "TAR@FAR=1e-2": 0.9911333333333333,
    "TAR@FAR=1e-3": 0.9708333333333333
}