{
    "Rank-1": 0.9193333387374878,
    "Rank-5": 0.9483333230018616,
    "Macro-F1": 0.9082242113375116,
    "EER": 0.02632632164671672,
    "TAR@FAR=1e-2": 0.9488333333333333,
    "TAR@FAR=1e-3": 0.8565833333333334
}