{
    "Rank-1": 0.9313333630561829,
    "Rank-5": 0.9513333439826965,
    "Macro-F1": 0.9215480616382581,
    "EER": 0.02266666666666687,
    "TAR@FAR=1e-2": 0.9619333333333333,
    "TAR@FAR=1e-3": 0.8988833333333334
}