{
    "Rank-1": 0.991304337978363,
    "Rank-5": 0.9956521987915039,
    "Macro-F1": 0.9884057971014493,
    "EER": 0.0035693039857227498,
    "TAR@FAR=1e-2": 0.9970255800118977,
    "TAR@FAR=1e-3": 0.9940511600237953
}