{
    "Rank-1": 0.9365000128746033,
    "Rank-5": 0.9580000042915344,
    "Macro-F1": 0.9270614893171796,
    "EER": 0.023399999999938196,
    "TAR@FAR=1e-2": 0.9625833333333333,
    "TAR@FAR=1e-3": 0.8961833333333333
}