{
    "Rank-1": 0.9361666440963745,
    "Rank-5": 0.9568333625793457,
    "Macro-F1": 0.928199212457221,
    "EER": 0.021333333333336067,
    "TAR@FAR=1e-2": 0.9691,
    "TAR@FAR=1e-3": 0.9188833333333334
}