{
    "Rank-1": 0.9431666731834412,
    "Rank-5": 0.9613333344459534,
    "Macro-F1": 0.9361425350631275,
    "EER": 0.01906894824774256,
    "TAR@FAR=1e-2": 0.9731833333333333,
    "TAR@FAR=1e-3": 0.9274833333333333
}