{
    "Rank-1": 0.9366666674613953,
    "Rank-5": 0.9573333263397217,
    "Macro-F1": 0.9270943184187634,
    "EER": 0.018683528103025475,
    "TAR@FAR=1e-2": 0.9720333333333333,
    "TAR@FAR=1e-3": 0.91755
}