{
    "Rank-1": 0.9826086759567261,
    "Rank-5": 0.991304337978363,
    "Macro-F1": 0.9768115942028986,
    "EER": 0.0071386079714051785,
    "TAR@FAR=1e-2": 0.9928613920285544,
    "TAR@FAR=1e-3": 0.9892920880428316
}