{
    "Rank-1": 0.921833336353302,
    "Rank-5": 0.9474999904632568,
    "Macro-F1": 0.9097573182610229,
    "EER": 0.024033333333109454,
    "TAR@FAR=1e-2": 0.9604833333333334,
    "TAR@FAR=1e-3": 0.8926833333333334
}