{
    "Rank-1": 0.949833333492279,
    "Rank-5": 0.9605000019073486,
    "Macro-F1": 0.9421743809660309,
    "EER": 0.018449999999704876,
    "TAR@FAR=1e-2": 0.97445,
    "TAR@FAR=1e-3": 0.9323166666666667
}