{
    "Rank-1": 0.9351666569709778,
    "Rank-5": 0.9523333311080933,
    "Macro-F1": 0.9251022324488848,
    "EER": 0.024012055555555557,
    "TAR@FAR=1e-2": 0.9646333333333333,
    "TAR@FAR=1e-3": 0.91815
}