{
    "Rank-1": 0.8978333473205566,
    "Rank-5": 0.9296666383743286,
    "Macro-F1": 0.8849421111803544,
    "EER": 0.025999999999999777,
    "TAR@FAR=1e-2": 0.9533666666666667,
    "TAR@FAR=1e-3": 0.8683
}