{
    "Rank-1": 0.9623333215713501,
    "Rank-5": 0.9760000109672546,
    "Macro-F1": 0.9573966074511492,
    "EER": 0.013983333333333651,
    "TAR@FAR=1e-2": 0.9829,
    "TAR@FAR=1e-3": 0.9549333333333333
}