{
    "Rank-1": 0.9246666431427002,
    "Rank-5": 0.9520000219345093,
    "Macro-F1": 0.9155536552744596,
    "EER": 0.026533333333334446,
    "TAR@FAR=1e-2": 0.9537166666666667,
    "TAR@FAR=1e-3": 0.8823
}