{
    "Rank-1": 0.9588333368301392,
    "Rank-5": 0.9751666784286499,
    "Macro-F1": 0.9538412628594574,
    "EER": 0.01563333333302265,
    "TAR@FAR=1e-2": 0.9799,
    "TAR@FAR=1e-3": 0.9460333333333333
}