{
    "Rank-1": 0.9678333401679993,
    "Rank-5": 0.9786666631698608,
    "Macro-F1": 0.9644778568437683,
    "EER": 0.010933333333468192,
    "TAR@FAR=1e-2": 0.9885833333333334,
    "TAR@FAR=1e-3": 0.9655833333333333
}