{
    "Rank-1": 0.9599999785423279,
    "Rank-5": 0.9728333353996277,
    "Macro-F1": 0.9547166473690232,
    "EER": 0.01693333333333356,
    "TAR@FAR=1e-2": 0.9788666666666667,
    "TAR@FAR=1e-3": 0.9493666666666667
}