{
    "Rank-1": 0.9468333125114441,
    "Rank-5": 0.9626666903495789,
    "Macro-F1": 0.9397190398085794,
    "EER": 0.01787498608926346,
    "TAR@FAR=1e-2": 0.9753,
    "TAR@FAR=1e-3": 0.93365
}