{
    "Rank-1": 0.9628333449363708,
    "Rank-5": 0.9785000085830688,
    "Macro-F1": 0.9574311335574659,
    "EER": 0.013399999999999959,
    "TAR@FAR=1e-2": 0.98445,
    "TAR@FAR=1e-3": 0.9521166666666666
}