{
    "Rank-1": 0.9847826361656189,
    "Rank-5": 0.991304337978363,
    "Macro-F1": 0.9797101449275362,
    "EER": 0.006574829019775148,
    "TAR@FAR=1e-2": 0.9940511600237953,
    "TAR@FAR=1e-3": 0.991076740035693
}