{
    "Rank-1": 0.9681666493415833,
    "Rank-5": 0.9789999723434448,
    "Macro-F1": 0.963560901419471,
    "EER": 0.011950000000315878,
    "TAR@FAR=1e-2": 0.9867166666666667,
    "TAR@FAR=1e-3": 0.9649833333333333
}