{
    "Rank-1": 0.9723333120346069,
    "Rank-5": 0.9800000190734863,
    "Macro-F1": 0.9689999703747473,
    "EER": 0.010582498608483242,
    "TAR@FAR=1e-2": 0.9891166666666666,
    "TAR@FAR=1e-3": 0.9712
}