{
    "Rank-1": 0.9670000076293945,
    "Rank-5": 0.9794999957084656,
    "Macro-F1": 0.9630985271313945,
    "EER": 0.012082331663649892,
    "TAR@FAR=1e-2": 0.98625,
    "TAR@FAR=1e-3": 0.9587166666666667
}