method,method_label,role,n_runs,Rank-1_mean_pp,Rank-1_sd_pp,Rank-5_mean_pp,Rank-5_sd_pp,Macro-F1_mean_pp,Macro-F1_sd_pp,EER_mean_pp,EER_sd_pp,TAR@FAR=1e-2_mean_pp,TAR@FAR=1e-2_sd_pp,TAR@FAR=1e-3_mean_pp,TAR@FAR=1e-3_sd_pp
Gabor,Fixed Gabor texture,Palmprint-specific classical reference,6,92.9861111111111,1.0088726748574717,94.41666666666667,0.621378396076908,92.59351303713157,1.043999898928446,9.6128501400579,0.5216490796508162,62.81111111111111,5.833270634583679,34.37638888888889,8.66449238217339
B1,B1 CE+SupCon,Learned baseline,6,93.38888823999999,3.265843726654322,96.95833524,1.8156348588183762,92.71283043333334,3.761350603002849,4.254855275,0.7185021169739627,88.63055555555555,3.651277047017123,71.77083333333333,7.324668650071027
B5,B5 BNNeck+CE,Highest observed strict variant,6,93.81944437833333,1.4175637250363247,97.12499976166667,1.0216428284088184,93.203938655,1.6846497265779183,4.72490663,0.5617425192096178,87.8097222222222,2.475728942411974,72.65138888888889,4.568571429605473
B6,B6 BNNeck+ArcFace,Hypothesized BNNeck+ArcFace variant,6,92.20833380833334,1.6756006697944752,95.95833222,1.0989268679555597,91.40534973333332,1.7974132783948533,5.2696195150000005,0.4524727461058479,86.24027777777779,2.120294899999283,69.70694444444443,4.225288999539512
