seed,delta_Rank-1_B6_minus_B1,delta_Rank-5_B6_minus_B1,delta_Macro-F1_B6_minus_B1,delta_EER_B6_minus_B1,delta_TAR@FAR=1e-2_B6_minus_B1,delta_TAR@FAR=1e-3_B6_minus_B1
42,-1.086956262588501,-0.362318754196167,-1.0791925465838403,0.2631821959023348,0.42016806722689637,3.9215686274509807
2026,1.449275016784668,0.362318754196167,1.5890269151138625,0.398406374497259,-1.460823373173966,-3.320053120849934
2705,0.0,0.0,-0.010351966873699325,-0.08779099686746195,-0.27548209366391063,-2.7548209366391205
