method,method_label,Rank-1_mean,Rank-1_std,Rank-5_mean,Rank-5_std,Macro-F1_mean,Macro-F1_std,EER_mean,EER_std,TAR@FAR=1e-2_mean,TAR@FAR=1e-2_std,TAR@FAR=1e-3_mean,TAR@FAR=1e-3_std
B1,ResNet18 + CE + SupCon,97.826087474823,0.724637508392334,98.9130437374115,0.362318754196167,97.69841269841271,0.8053659467267805,3.04891565623604,1.1843976846317952,94.82384680629136,2.8599153557103594,86.1724033944244,7.073507936208641
B6,ResNet18 + BNNeck + ArcFace,97.94686039288838,1.7122516302646238,98.9130437374115,0.6275544908028206,97.86490683229815,1.8006230195024036,3.240181514080084,1.3390569406090753,94.38513433975437,2.51199117298356,85.45463491774504,3.85034864263801
