{
    "Rank-1": 0.8868333101272583,
    "Rank-5": 0.9296666383743286,
    "Macro-F1": 0.8749055545175263,
    "EER": 0.02937110371602884,
    "TAR@FAR=1e-2": 0.9418333333333333,
    "TAR@FAR=1e-3": 0.8417666666666667
}