{
    "baseline": {
        "method": "B1",
        "seed": 42,
        "directions": {
            "S1->S2": {
                "rank1": 93.65000128746033,
                "rank5": 95.80000042915344,
                "macro_f1": 92.70614893171796,
                "eer": 2.3399999999938195,
                "tar_far_1e_2": 96.25833333333334,
                "tar_far_1e_3": 89.61833333333334
            },
            "S2->S1": {
                "rank1": 93.13333630561829,
                "rank5": 95.13333439826965,
                "macro_f1": 92.15480616382581,
                "eer": 2.266666666666687,
                "tar_far_1e_2": 96.19333333333333,
                "tar_far_1e_3": 89.88833333333334
            }
        },
        "bidirectional_average": {
            "rank1": 93.3916687965393,
            "rank5": 95.46666741371155,
            "macro_f1": 92.43047754777189,
            "eer": 2.3033333333302535,
            "tar_far_1e_2": 96.22583333333333,
            "tar_far_1e_3": 89.75333333333333
        }
    },
    "methods": {
        "B4": {
            "directions": {
                "S1->S2": {
                    "rank1": 92.46666431427002,
                    "rank5": 95.20000219345093,
                    "macro_f1": 91.55536552744596,
                    "eer": 2.653333333333445,
                    "tar_far_1e_2": 95.37166666666667,
                    "tar_far_1e_3": 88.23
                },
                "S2->S1": {
                    "rank1": 96.23333215713501,
                    "rank5": 97.60000109672546,
                    "macro_f1": 95.73966074511492,
                    "eer": 1.3983333333333652,
                    "tar_far_1e_2": 98.29,
                    "tar_far_1e_3": 95.49333333333333
                }
            },
            "bidirectional_average": {
                "rank1": 94.34999823570251,
                "rank5": 96.4000016450882,
                "macro_f1": 93.64751313628044,
                "eer": 2.025833333333405,
                "tar_far_1e_2": 96.83083333333335,
                "tar_far_1e_3": 91.86166666666666
            },
            "delta_vs_b1": {
                "rank1_pp": 0.958329439163208,
                "tar_far_1e_3_pp": 2.1083333333333343,
                "eer_pp": -0.2774999999968486
            },
            "go": true
        },
        "B6": {
            "directions": {
                "S1->S2": {
                    "rank1": 96.78333401679993,
                    "rank5": 97.86666631698608,
                    "macro_f1": 96.44778568437683,
                    "eer": 1.0933333333468191,
                    "tar_far_1e_2": 98.85833333333333,
                    "tar_far_1e_3": 96.55833333333334
                },
                "S2->S1": {
                    "rank1": 96.81666493415833,
                    "rank5": 97.89999723434448,
                    "macro_f1": 96.3560901419471,
                    "eer": 1.195000000031588,
                    "tar_far_1e_2": 98.67166666666667,
                    "tar_far_1e_3": 96.49833333333333
                }
            },
            "bidirectional_average": {
                "rank1": 96.79999947547913,
                "rank5": 97.88333177566528,
                "macro_f1": 96.40193791316196,
                "eer": 1.1441666666892036,
                "tar_far_1e_2": 98.765,
                "tar_far_1e_3": 96.52833333333334
            },
            "delta_vs_b1": {
                "rank1_pp": 3.4083306789398193,
                "tar_far_1e_3_pp": 6.775000000000006,
                "eer_pp": -1.1591666666410498
            },
            "go": true
        },
        "B7": {
            "directions": {
                "S1->S2": {
                    "rank1": 96.70000076293945,
                    "rank5": 97.94999957084656,
                    "macro_f1": 96.30985271313945,
                    "eer": 1.2082331663649892,
                    "tar_far_1e_2": 98.625,
                    "tar_far_1e_3": 95.87166666666667
                },
                "S2->S1": {
                    "rank1": 97.2333312034607,
                    "rank5": 98.00000190734863,
                    "macro_f1": 96.89999703747473,
                    "eer": 1.0582498608483242,
                    "tar_far_1e_2": 98.91166666666666,
                    "tar_far_1e_3": 97.11999999999999
                }
            },
            "bidirectional_average": {
                "rank1": 96.96666598320007,
                "rank5": 97.9750007390976,
                "macro_f1": 96.60492487530709,
                "eer": 1.1332415136066567,
                "tar_far_1e_2": 98.76833333333333,
                "tar_far_1e_3": 96.49583333333334
            },
            "delta_vs_b1": {
                "rank1_pp": 3.5749971866607666,
                "tar_far_1e_3_pp": 6.742500000000007,
                "eer_pp": -1.1700918197235968
            },
            "go": true
        }
    },
    "best_method": "B6",
    "decision": "GO",
    "go_thresholds": {
        "rank1_pp": 0.5,
        "tar_far_1e_3_pp": 1.0,
        "eer_pp": -0.2
    },
    "generated_multiseed_configs": [
        "configs\\b6_resnet18_bnneck_arcface_tongji_s1s2_lr1e4_seed2026.yaml",
        "configs\\b6_resnet18_bnneck_arcface_tongji_s1s2_lr1e4_seed2705.yaml",
        "configs\\b6_resnet18_bnneck_arcface_tongji_s2s1_lr1e4_seed2026.yaml",
        "configs\\b6_resnet18_bnneck_arcface_tongji_s2s1_lr1e4_seed2705.yaml"
    ],
    "multiseed_command_template": [
        "python scripts/train_lgf.py --config configs\\b6_resnet18_bnneck_arcface_tongji_s1s2_lr1e4_seed2026.yaml",
        "python scripts/eval_embedding.py --checkpoint experiments/b6_resnet18_bnneck_arcface_tongji_s1s2_lr1e4_seed2026/checkpoints/best.pt --config configs\\b6_resnet18_bnneck_arcface_tongji_s1s2_lr1e4_seed2026.yaml",
        "python scripts/train_lgf.py --config configs\\b6_resnet18_bnneck_arcface_tongji_s1s2_lr1e4_seed2705.yaml",
        "python scripts/eval_embedding.py --checkpoint experiments/b6_resnet18_bnneck_arcface_tongji_s1s2_lr1e4_seed2705/checkpoints/best.pt --config configs\\b6_resnet18_bnneck_arcface_tongji_s1s2_lr1e4_seed2705.yaml",
        "python scripts/train_lgf.py --config configs\\b6_resnet18_bnneck_arcface_tongji_s2s1_lr1e4_seed2026.yaml",
        "python scripts/eval_embedding.py --checkpoint experiments/b6_resnet18_bnneck_arcface_tongji_s2s1_lr1e4_seed2026/checkpoints/best.pt --config configs\\b6_resnet18_bnneck_arcface_tongji_s2s1_lr1e4_seed2026.yaml",
        "python scripts/train_lgf.py --config configs\\b6_resnet18_bnneck_arcface_tongji_s2s1_lr1e4_seed2705.yaml",
        "python scripts/eval_embedding.py --checkpoint experiments/b6_resnet18_bnneck_arcface_tongji_s2s1_lr1e4_seed2705/checkpoints/best.pt --config configs\\b6_resnet18_bnneck_arcface_tongji_s2s1_lr1e4_seed2705.yaml"
    ],
    "note": "Full multi-seed was not run by this script; generated configs/commands only after seed42 GO."
}